2025-07-15T10:48:36.539716,GRE,3,no feedback,❌ Failed to generate plan: Gemini API failed
2025-07-15T11:11:19.541535,GRE,1,it does not show any plan ,❌ Failed to generate plan: Gemini API failed
2025-07-15T17:16:40.373154,GRE,4,Very good,Hey there!  A 320 on the GRE in eight weeks is ambitious  but absolutely achievable with a focused a
2025-07-15T17:17:15.327646,GRE,5,sounds exciting ,Hey there!  A 320 on the GRE in eight weeks is ambitious  but absolutely achievable with the right s
2025-07-15T17:25:43.573462,GRE,4,perfect ,Hey there!  A 329 on the GRE is ambitious  but totally achievable in eight weeks with a focused  str
2025-07-15T17:44:18.099141,GRE,5,Helpful ,Hey there!  A 320 on the GRE in eight weeks is ambitious  but absolutely achievable with the right s
2025-07-15T18:00:51.218489,GRE,3,great,Hey there!  A 320 on the GRE in eight weeks is ambitious  but absolutely achievable with a focused  
2025-07-15T20:20:53.836963,GRE,4,great help ,Hey there!  A 334 on the GRE is ambitious but totally achievable in eight weeks with a focused plan.
2025-07-17T16:08:43.504421,GRE,4,great work!,❌ Failed to generate plan: Gemini API failed
2025-07-18T11:16:14.089621,GRE,4,great work!,Let's get you that 340+ GRE score!  Six weeks is ambitious  but entirely achievable with a focused a
2025-07-18T12:16:40.647441,GRE,4,great help ,Let's get you to that 320 GRE score in 8 weeks!  This isn't just about memorization; it's about stra
2025-07-19T20:23:17.502645,GRE,4,great work,Let's get you to that 330 GRE score!  This isn't just about memorizing facts; it's about building a 
2025-07-19T20:52:36.726537,GRE,4,great work,Let's get you that 320 GRE score!  This isn't just about a number; it's about unlocking your potenti
